Layers,Units,Epochs,Batch Size,Activation,Optimizer,Loss,Predictions,MAPE
5,50,50,16,relu,adam,mse,"[128.97415, 128.18166, 128.77646, 130.7366, 130.70506, 130.82654]",0.11491540050505746
